-- Build orders.db from this SQL with:  sqlite3 orders.db < orders.db.sql
-- Seed data: real transactions sampled from UCI Online Retail II
-- (https://archive.ics.uci.edu/dataset/502/online+retail+ii, CC-BY 4.0).
-- Customer display names synthesized as 'Customer <id> (<country>)' because
-- UCI omits real names; country field is real.
CREATE TABLE customers (customer_id INTEGER PRIMARY KEY, name TEXT NOT NULL, email TEXT);
CREATE TABLE products  (product_id  INTEGER PRIMARY KEY, sku  TEXT NOT NULL UNIQUE, name TEXT);
CREATE TABLE orders    (order_id     INTEGER PRIMARY KEY,
                        order_number TEXT    NOT NULL,
                        customer_id  INTEGER NOT NULL REFERENCES customers,
                        product_id   INTEGER NOT NULL REFERENCES products,
                        qty          INTEGER NOT NULL,
                        unit_price   REAL    NOT NULL,
                        ordered_at   TEXT);

-- Customers (real IDs from UCI, synthesized display names)
INSERT INTO customers VALUES (12431,'Customer 12431 (Australia)',NULL);
INSERT INTO customers VALUES (12583,'Customer 12583 (France)',NULL);
INSERT INTO customers VALUES (13047,'Customer 13047 (United Kingdom)',NULL);
INSERT INTO customers VALUES (13748,'Customer 13748 (United Kingdom)',NULL);
INSERT INTO customers VALUES (14688,'Customer 14688 (United Kingdom)',NULL);
INSERT INTO customers VALUES (15100,'Customer 15100 (United Kingdom)',NULL);
INSERT INTO customers VALUES (15291,'Customer 15291 (United Kingdom)',NULL);
INSERT INTO customers VALUES (15311,'Customer 15311 (United Kingdom)',NULL);
INSERT INTO customers VALUES (16029,'Customer 16029 (United Kingdom)',NULL);
INSERT INTO customers VALUES (16098,'Customer 16098 (United Kingdom)',NULL);
INSERT INTO customers VALUES (16250,'Customer 16250 (United Kingdom)',NULL);
INSERT INTO customers VALUES (17420,'Customer 17420 (United Kingdom)',NULL);
INSERT INTO customers VALUES (17809,'Customer 17809 (United Kingdom)',NULL);
INSERT INTO customers VALUES (17850,'Customer 17850 (United Kingdom)',NULL);
INSERT INTO customers VALUES (18074,'Customer 18074 (United Kingdom)',NULL);

-- Products (real StockCode as sku, real Description as name)
INSERT INTO products  VALUES (1,'85123A','WHITE HANGING HEART T-LIGHT HOLDER');
INSERT INTO products  VALUES (2,'71053','WHITE METAL LANTERN');
INSERT INTO products  VALUES (3,'84406B','CREAM CUPID HEARTS COAT HANGER');
INSERT INTO products  VALUES (4,'84029G','KNITTED UNION FLAG HOT WATER BOTTLE');
INSERT INTO products  VALUES (5,'84029E','RED WOOLLY HOTTIE WHITE HEART.');
INSERT INTO products  VALUES (6,'22752','SET 7 BABUSHKA NESTING BOXES');
INSERT INTO products  VALUES (7,'21730','GLASS STAR FROSTED T-LIGHT HOLDER');
INSERT INTO products  VALUES (8,'22633','HAND WARMER UNION JACK');
INSERT INTO products  VALUES (9,'22632','HAND WARMER RED POLKA DOT');
INSERT INTO products  VALUES (10,'22960','JAM MAKING SET WITH JARS');
INSERT INTO products  VALUES (11,'22913','RED COAT RACK PARIS FASHION');
INSERT INTO products  VALUES (12,'22912','YELLOW COAT RACK PARIS FASHION');
INSERT INTO products  VALUES (13,'22914','BLUE COAT RACK PARIS FASHION');
INSERT INTO products  VALUES (14,'84879','ASSORTED COLOUR BIRD ORNAMENT');
INSERT INTO products  VALUES (15,'22745','POPPY''S PLAYHOUSE BEDROOM');
INSERT INTO products  VALUES (16,'22748','POPPY''S PLAYHOUSE KITCHEN');
INSERT INTO products  VALUES (17,'22749','FELTCRAFT PRINCESS CHARLOTTE DOLL');
INSERT INTO products  VALUES (18,'22310','IVORY KNITTED MUG COSY');
INSERT INTO products  VALUES (19,'84969','BOX OF 6 ASSORTED COLOUR TEASPOONS');
INSERT INTO products  VALUES (20,'22623','BOX OF VINTAGE JIGSAW BLOCKS');
INSERT INTO products  VALUES (21,'22622','BOX OF VINTAGE ALPHABET BLOCKS');
INSERT INTO products  VALUES (22,'21754','HOME BUILDING BLOCK WORD');
INSERT INTO products  VALUES (23,'21755','LOVE BUILDING BLOCK WORD');
INSERT INTO products  VALUES (24,'21777','RECIPE BOX WITH METAL HEART');
INSERT INTO products  VALUES (25,'48187','DOORMAT NEW ENGLAND');
INSERT INTO products  VALUES (26,'21756','BATH BUILDING BLOCK WORD');
INSERT INTO products  VALUES (27,'22728','ALARM CLOCK BAKELIKE PINK');
INSERT INTO products  VALUES (28,'22727','ALARM CLOCK BAKELIKE RED');
INSERT INTO products  VALUES (29,'22726','ALARM CLOCK BAKELIKE GREEN');
INSERT INTO products  VALUES (30,'21724','PANDA AND BUNNIES STICKER SHEET');
INSERT INTO products  VALUES (31,'21883','STARS GIFT TAPE');
INSERT INTO products  VALUES (32,'10002','INFLATABLE POLITICAL GLOBE');
INSERT INTO products  VALUES (33,'21791','VINTAGE HEADS AND TAILS CARD GAME');
INSERT INTO products  VALUES (34,'21035','SET/2 RED RETROSPOT TEA TOWELS');
INSERT INTO products  VALUES (35,'22326','ROUND SNACK BOXES SET OF4 WOODLAND');
INSERT INTO products  VALUES (36,'22629','SPACEBOY LUNCH BOX');
INSERT INTO products  VALUES (37,'22659','LUNCH BOX I LOVE LONDON');
INSERT INTO products  VALUES (38,'22631','CIRCUS PARADE LUNCH BOX');
INSERT INTO products  VALUES (39,'22661','CHARLOTTE BAG DOLLY GIRL DESIGN');
INSERT INTO products  VALUES (40,'21731','RED TOADSTOOL LED NIGHT LIGHT');
INSERT INTO products  VALUES (41,'22900','SET 2 TEA TOWELS I LOVE LONDON');
INSERT INTO products  VALUES (42,'21913','VINTAGE SEASIDE JIGSAW PUZZLES');
INSERT INTO products  VALUES (43,'22540','MINI JIGSAW CIRCUS PARADE');
INSERT INTO products  VALUES (44,'22544','MINI JIGSAW SPACEBOY');
INSERT INTO products  VALUES (45,'22492','MINI PAINT SET VINTAGE');
INSERT INTO products  VALUES (46,'22086','PAPER CHAIN KIT 50''S CHRISTMAS');
INSERT INTO products  VALUES (47,'20679','EDWARDIAN PARASOL RED');
INSERT INTO products  VALUES (48,'37370','RETRO COFFEE MUGS ASSORTED');
INSERT INTO products  VALUES (49,'21871','SAVE THE PLANET MUG');
INSERT INTO products  VALUES (50,'21071','VINTAGE BILLBOARD DRINK ME MUG');
INSERT INTO products  VALUES (51,'21068','VINTAGE BILLBOARD LOVE/HATE MUG');
INSERT INTO products  VALUES (52,'82483','WOOD 2 DRAWER CABINET WHITE FINISH');
INSERT INTO products  VALUES (53,'82486','WOOD S/3 CABINET ANT WHITE FINISH');
INSERT INTO products  VALUES (54,'82482','WOODEN PICTURE FRAME WHITE FINISH');
INSERT INTO products  VALUES (55,'82494L','WOODEN FRAME ANTIQUE WHITE');
INSERT INTO products  VALUES (56,'21258','VICTORIAN SEWING BOX LARGE');
INSERT INTO products  VALUES (57,'22114','HOT WATER BOTTLE TEA AND SYMPATHY');
INSERT INTO products  VALUES (58,'21733','RED HANGING HEART T-LIGHT HOLDER');
INSERT INTO products  VALUES (59,'22386','JUMBO BAG PINK POLKADOT');
INSERT INTO products  VALUES (60,'85099C','JUMBO  BAG BAROQUE BLACK WHITE');
INSERT INTO products  VALUES (61,'21033','JUMBO BAG CHARLIE AND LOLA TOYS');
INSERT INTO products  VALUES (62,'20723','STRAWBERRY CHARLOTTE BAG');
INSERT INTO products  VALUES (63,'84997B','RED 3 PIECE RETROSPOT CUTLERY SET');
INSERT INTO products  VALUES (64,'84997C','BLUE 3 PIECE POLKADOT CUTLERY SET');
INSERT INTO products  VALUES (65,'21094','SET/6 RED SPOTTY PAPER PLATES');
INSERT INTO products  VALUES (66,'20725','LUNCH BAG RED RETROSPOT');
INSERT INTO products  VALUES (67,'21559','STRAWBERRY LUNCH BOX WITH CUTLERY');
INSERT INTO products  VALUES (68,'22352','LUNCH BOX WITH CUTLERY RETROSPOT');
INSERT INTO products  VALUES (69,'21212','PACK OF 72 RETROSPOT CAKE CASES');
INSERT INTO products  VALUES (70,'21975','PACK OF 60 DINOSAUR CAKE CASES');
INSERT INTO products  VALUES (71,'21977','PACK OF 60 PINK PAISLEY CAKE CASES');
INSERT INTO products  VALUES (72,'84991','60 TEATIME FAIRY CAKE CASES');
INSERT INTO products  VALUES (73,'84519A','TOMATO CHARLIE+LOLA COASTER SET');
INSERT INTO products  VALUES (74,'85183B','CHARLIE & LOLA WASTEPAPER BIN FLORA');
INSERT INTO products  VALUES (75,'85071B','RED CHARLIE+LOLA PERSONAL DOORSIGN');
INSERT INTO products  VALUES (76,'21931','JUMBO STORAGE BAG SUKI');
INSERT INTO products  VALUES (77,'21929','JUMBO BAG PINK VINTAGE PAISLEY');
INSERT INTO products  VALUES (78,'22961','JAM MAKING SET PRINTED');
INSERT INTO products  VALUES (79,'22139','RETROSPOT TEA SET CERAMIC 11 PC');
INSERT INTO products  VALUES (80,'84854','GIRLY PINK TOOL SET');
INSERT INTO products  VALUES (81,'22411','JUMBO SHOPPER VINTAGE RED PAISLEY');
INSERT INTO products  VALUES (82,'82567','AIRLINE LOUNGE,METAL SIGN');
INSERT INTO products  VALUES (83,'21672','WHITE SPOT RED CERAMIC DRAWER KNOB');
INSERT INTO products  VALUES (84,'22774','RED DRAWER KNOB ACRYLIC EDWARDIAN');
INSERT INTO products  VALUES (85,'22771','CLEAR DRAWER KNOB ACRYLIC EDWARDIAN');
INSERT INTO products  VALUES (86,'71270','PHOTO CLIP LINE');
INSERT INTO products  VALUES (87,'22262','FELT EGG COSY CHICKEN');
INSERT INTO products  VALUES (88,'22637','PIGGY BANK RETROSPOT');
INSERT INTO products  VALUES (89,'21934','SKULL SHOULDER BAG');
INSERT INTO products  VALUES (90,'21169','YOU''RE CONFUSING ME METAL SIGN');
INSERT INTO products  VALUES (91,'21166','COOK WITH WINE METAL SIGN');
INSERT INTO products  VALUES (92,'21175','GIN + TONIC DIET METAL SIGN');
INSERT INTO products  VALUES (93,'37444A','YELLOW BREAKFAST CUP AND SAUCER');
INSERT INTO products  VALUES (94,'37444C','PINK BREAKFAST CUP AND SAUCER');
INSERT INTO products  VALUES (95,'22083','PAPER CHAIN KIT RETROSPOT');
INSERT INTO products  VALUES (96,'84971S','SMALL HEART FLOWERS HOOK');
INSERT INTO products  VALUES (97,'47580','TEA TIME DES TEA COSY');
INSERT INTO products  VALUES (98,'22261','FELT EGG COSY WHITE RABBIT');
INSERT INTO products  VALUES (99,'84832','ZINC WILLIE WINKIE  CANDLE STICK');
INSERT INTO products  VALUES (100,'22644','CERAMIC CHERRY CAKE MONEY BANK');
INSERT INTO products  VALUES (101,'21533','RETROSPOT LARGE MILK JUG');
INSERT INTO products  VALUES (102,'21557','SET OF 6 FUNKY BEAKERS');
INSERT INTO products  VALUES (103,'15056BL','EDWARDIAN PARASOL BLACK');
INSERT INTO products  VALUES (104,'15056N','EDWARDIAN PARASOL NATURAL');
INSERT INTO products  VALUES (105,'22646','CERAMIC STRAWBERRY CAKE MONEY BANK');
INSERT INTO products  VALUES (106,'22176','BLUE OWL SOFT TOY');
INSERT INTO products  VALUES (107,'22438','BALLOON ART MAKE YOUR OWN FLOWERS');
INSERT INTO products  VALUES (108,'22778','GLASS CLOCHE SMALL');
INSERT INTO products  VALUES (109,'22719','GUMBALL MONOCHROME COAT RACK');
INSERT INTO products  VALUES (110,'21523','DOORMAT FANCY FONT HOME SWEET HOME');
INSERT INTO products  VALUES (111,'21912','VINTAGE SNAKES & LADDERS');
INSERT INTO products  VALUES (112,'21832','CHOCOLATE CALCULATOR');
INSERT INTO products  VALUES (113,'22379','RECYCLING BAG RETROSPOT');
INSERT INTO products  VALUES (114,'22381','TOY TIDY PINK POLKADOT');
INSERT INTO products  VALUES (115,'22798','ANTIQUE GLASS DRESSING TABLE POT');
INSERT INTO products  VALUES (116,'22926','IVORY GIANT GARDEN THERMOMETER');
INSERT INTO products  VALUES (117,'22839','3 TIER CAKE TIN GREEN AND CREAM');
INSERT INTO products  VALUES (118,'22838','3 TIER CAKE TIN RED AND CREAM');
INSERT INTO products  VALUES (119,'22783','SET 3 WICKER OVAL BASKETS W LIDS');
INSERT INTO products  VALUES (120,'82484','WOOD BLACK BOARD ANT WHITE FINISH');
INSERT INTO products  VALUES (121,'84755','COLOUR GLASS T-LIGHT HOLDER HANGING');
INSERT INTO products  VALUES (122,'22464','HANGING METAL HEART LANTERN');
INSERT INTO products  VALUES (123,'21324','HANGING MEDINA LANTERN SMALL');
INSERT INTO products  VALUES (124,'22457','NATURAL SLATE HEART CHALKBOARD');
INSERT INTO products  VALUES (125,'22469','HEART OF WICKER SMALL');
INSERT INTO products  VALUES (126,'22470','HEART OF WICKER LARGE');
INSERT INTO products  VALUES (127,'22224','WHITE LOVEBIRD LANTERN');
INSERT INTO products  VALUES (128,'21340','CLASSIC METAL BIRDCAGE PLANT HOLDER');
INSERT INTO products  VALUES (129,'22189','CREAM HEART CARD HOLDER');
INSERT INTO products  VALUES (130,'22427','ENAMEL FLOWER JUG CREAM');
INSERT INTO products  VALUES (131,'22428','ENAMEL FIRE BUCKET CREAM');
INSERT INTO products  VALUES (132,'22424','ENAMEL BREAD BIN CREAM');
INSERT INTO products  VALUES (133,'22663','JUMBO BAG DOLLY GIRL DESIGN');
INSERT INTO products  VALUES (134,'85049A','TRADITIONAL CHRISTMAS RIBBONS');
INSERT INTO products  VALUES (135,'22168','ORGANISER WOOD ANTIQUE WHITE');
INSERT INTO products  VALUES (136,'22662','LUNCH BAG DOLLY GIRL DESIGN');
INSERT INTO products  VALUES (137,'84880','WHITE WIRE EGG HOLDER');
INSERT INTO products  VALUES (138,'85099B','JUMBO BAG RED RETROSPOT');
INSERT INTO products  VALUES (139,'79321','CHILLI LIGHTS');
INSERT INTO products  VALUES (140,'22780','LIGHT GARLAND BUTTERFILES PINK');
INSERT INTO products  VALUES (141,'22779','WOODEN OWLS LIGHT GARLAND');
INSERT INTO products  VALUES (142,'22466','FAIRY TALE COTTAGE NIGHTLIGHT');
INSERT INTO products  VALUES (143,'21363','HOME SMALL WOOD LETTERS');
INSERT INTO products  VALUES (144,'21411','GINGHAM HEART  DOORSTOP RED');
INSERT INTO products  VALUES (145,'22318','FIVE HEART HANGING DECORATION');
INSERT INTO products  VALUES (146,'22915','ASSORTED BOTTLE TOP  MAGNETS');
INSERT INTO products  VALUES (147,'22922','FRIDGE MAGNETS US DINER ASSORTED');
INSERT INTO products  VALUES (148,'22969','HOMEMADE JAM SCENTED CANDLES');
INSERT INTO products  VALUES (149,'22923','FRIDGE MAGNETS LES ENFANTS ASSORTED');
INSERT INTO products  VALUES (150,'21115','ROSE CARAVAN DOORSTOP');
INSERT INTO products  VALUES (151,'22242','5 HOOK HANGER MAGIC TOADSTOOL');
INSERT INTO products  VALUES (152,'22941','CHRISTMAS LIGHTS 10 REINDEER');
INSERT INTO products  VALUES (153,'21622','VINTAGE UNION JACK CUSHION COVER');
INSERT INTO products  VALUES (154,'35004C','SET OF 3 COLOURED  FLYING DUCKS');
INSERT INTO products  VALUES (155,'35004G','SET OF 3 GOLD FLYING DUCKS');
INSERT INTO products  VALUES (156,'85014B','RED RETROSPOT UMBRELLA');

INSERT INTO orders VALUES (1,'ORD-000001',17850,1,6,2.55,'2010-12-01');
INSERT INTO orders VALUES (2,'ORD-000002',17850,2,6,3.39,'2010-12-01');
INSERT INTO orders VALUES (3,'ORD-000003',17850,3,8,2.75,'2010-12-01');
INSERT INTO orders VALUES (4,'ORD-000004',17850,4,6,3.39,'2010-12-01');
INSERT INTO orders VALUES (5,'ORD-000005',17850,5,6,3.39,'2010-12-01');
INSERT INTO orders VALUES (6,'ORD-000006',17850,6,2,7.65,'2010-12-01');
INSERT INTO orders VALUES (7,'ORD-000007',17850,7,6,4.25,'2010-12-01');
INSERT INTO orders VALUES (8,'ORD-000008',17850,8,6,1.85,'2010-12-01');
INSERT INTO orders VALUES (9,'ORD-000009',17850,9,6,1.85,'2010-12-01');
INSERT INTO orders VALUES (10,'ORD-000010',13047,10,6,4.25,'2010-12-01');
INSERT INTO orders VALUES (11,'ORD-000011',13047,11,3,4.95,'2010-12-01');
INSERT INTO orders VALUES (12,'ORD-000012',13047,12,3,4.95,'2010-12-01');
INSERT INTO orders VALUES (13,'ORD-000013',13047,13,3,4.95,'2010-12-01');
INSERT INTO orders VALUES (14,'ORD-000014',13047,14,32,1.69,'2010-12-01');
INSERT INTO orders VALUES (15,'ORD-000015',13047,15,6,2.1,'2010-12-01');
INSERT INTO orders VALUES (16,'ORD-000016',13047,16,6,2.1,'2010-12-01');
INSERT INTO orders VALUES (17,'ORD-000017',13047,17,8,3.75,'2010-12-01');
INSERT INTO orders VALUES (342,'ORD-000003',12431,4,2,3.75,'2011-03-30');
INSERT INTO orders VALUES (18,'ORD-000018',13047,18,6,1.65,'2010-12-01');
INSERT INTO orders VALUES (19,'ORD-000019',13047,19,6,4.25,'2010-12-01');
INSERT INTO orders VALUES (20,'ORD-000020',13047,20,3,4.95,'2010-12-01');
INSERT INTO orders VALUES (21,'ORD-000021',13047,21,2,9.95,'2010-12-01');
INSERT INTO orders VALUES (22,'ORD-000022',13047,22,3,5.95,'2010-12-01');
INSERT INTO orders VALUES (23,'ORD-000023',13047,23,3,5.95,'2010-12-01');
INSERT INTO orders VALUES (24,'ORD-000024',13047,24,4,7.95,'2010-12-01');
INSERT INTO orders VALUES (25,'ORD-000025',13047,25,4,7.95,'2010-12-01');
INSERT INTO orders VALUES (26,'ORD-000026',13047,26,3,5.95,'2010-12-01');
INSERT INTO orders VALUES (27,'ORD-000027',12583,27,24,3.75,'2010-12-01');
INSERT INTO orders VALUES (28,'ORD-000028',12583,28,24,3.75,'2010-12-01');
INSERT INTO orders VALUES (29,'ORD-000029',12583,29,12,3.75,'2010-12-01');
INSERT INTO orders VALUES (30,'ORD-000030',12583,30,12,0.85,'2010-12-01');
INSERT INTO orders VALUES (31,'ORD-000031',12583,31,24,0.65,'2010-12-01');
INSERT INTO orders VALUES (32,'ORD-000032',12583,32,48,0.85,'2010-12-01');
INSERT INTO orders VALUES (33,'ORD-000033',12583,33,24,1.25,'2010-12-01');
INSERT INTO orders VALUES (34,'ORD-000034',12583,34,18,2.95,'2010-12-01');
INSERT INTO orders VALUES (35,'ORD-000035',12583,35,24,2.95,'2010-12-01');
INSERT INTO orders VALUES (36,'ORD-000036',12583,36,24,1.95,'2010-12-01');
INSERT INTO orders VALUES (37,'ORD-000037',12583,37,24,1.95,'2010-12-01');
INSERT INTO orders VALUES (38,'ORD-000038',12583,38,24,1.95,'2010-12-01');
INSERT INTO orders VALUES (39,'ORD-000039',12583,39,20,0.85,'2010-12-01');
INSERT INTO orders VALUES (40,'ORD-000040',12583,40,24,1.65,'2010-12-01');
INSERT INTO orders VALUES (41,'ORD-000041',12583,41,24,2.95,'2010-12-01');
INSERT INTO orders VALUES (42,'ORD-000042',12583,42,12,3.75,'2010-12-01');
INSERT INTO orders VALUES (43,'ORD-000043',12583,43,24,0.42,'2010-12-01');
INSERT INTO orders VALUES (44,'ORD-000044',12583,44,24,0.42,'2010-12-01');
INSERT INTO orders VALUES (45,'ORD-000045',12583,45,36,0.65,'2010-12-01');
INSERT INTO orders VALUES (46,'ORD-000046',13748,46,80,2.55,'2010-12-01');
INSERT INTO orders VALUES (47,'ORD-000047',17850,9,6,1.85,'2010-12-01');
INSERT INTO orders VALUES (48,'ORD-000048',17850,8,6,1.85,'2010-12-01');
INSERT INTO orders VALUES (49,'ORD-000049',17850,1,6,2.55,'2010-12-01');
INSERT INTO orders VALUES (50,'ORD-000050',17850,2,6,3.39,'2010-12-01');
INSERT INTO orders VALUES (51,'ORD-000051',17850,3,8,2.75,'2010-12-01');
INSERT INTO orders VALUES (52,'ORD-000052',17850,47,6,4.95,'2010-12-01');
INSERT INTO orders VALUES (53,'ORD-000053',17850,48,6,1.06,'2010-12-01');
INSERT INTO orders VALUES (54,'ORD-000054',17850,49,6,1.06,'2010-12-01');
INSERT INTO orders VALUES (55,'ORD-000055',17850,50,6,1.06,'2010-12-01');
INSERT INTO orders VALUES (56,'ORD-000056',17850,51,6,1.06,'2010-12-01');
INSERT INTO orders VALUES (57,'ORD-000057',17850,52,2,4.95,'2010-12-01');
INSERT INTO orders VALUES (58,'ORD-000058',17850,53,4,6.95,'2010-12-01');
INSERT INTO orders VALUES (59,'ORD-000059',17850,54,6,2.1,'2010-12-01');
INSERT INTO orders VALUES (60,'ORD-000060',17850,55,6,2.55,'2010-12-01');
INSERT INTO orders VALUES (61,'ORD-000061',17850,4,6,3.39,'2010-12-01');
INSERT INTO orders VALUES (62,'ORD-000062',17850,5,6,3.39,'2010-12-01');
INSERT INTO orders VALUES (63,'ORD-000063',17850,6,2,7.65,'2010-12-01');
INSERT INTO orders VALUES (64,'ORD-000064',17850,7,6,4.25,'2010-12-01');
INSERT INTO orders VALUES (214,'ORD-000007',12583,5,1,4.25,'2011-03-30');
INSERT INTO orders VALUES (65,'ORD-000065',15100,56,32,10.95,'2010-12-01');
INSERT INTO orders VALUES (66,'ORD-000066',17850,1,6,2.55,'2010-12-01');
INSERT INTO orders VALUES (67,'ORD-000067',17850,2,6,3.39,'2010-12-01');
INSERT INTO orders VALUES (68,'ORD-000068',17850,3,8,2.75,'2010-12-01');
INSERT INTO orders VALUES (69,'ORD-000069',17850,47,6,4.95,'2010-12-01');
INSERT INTO orders VALUES (70,'ORD-000070',17850,48,6,1.06,'2010-12-01');
INSERT INTO orders VALUES (71,'ORD-000071',17850,49,6,1.06,'2010-12-01');
INSERT INTO orders VALUES (72,'ORD-000072',17850,50,6,1.06,'2010-12-01');
INSERT INTO orders VALUES (73,'ORD-000073',17850,51,6,1.06,'2010-12-01');
INSERT INTO orders VALUES (74,'ORD-000074',17850,52,2,4.95,'2010-12-01');
INSERT INTO orders VALUES (75,'ORD-000075',17850,53,4,6.95,'2010-12-01');
INSERT INTO orders VALUES (487,'ORD-000202',12431,2,1,-5.0,'2011-03-30');
INSERT INTO orders VALUES (76,'ORD-000076',17850,54,6,2.1,'2010-12-01');
INSERT INTO orders VALUES (77,'ORD-000077',17850,55,6,2.55,'2010-12-01');
INSERT INTO orders VALUES (78,'ORD-000078',17850,4,6,3.39,'2010-12-01');
INSERT INTO orders VALUES (79,'ORD-000079',17850,5,6,3.39,'2010-12-01');
INSERT INTO orders VALUES (80,'ORD-000080',17850,6,2,7.65,'2010-12-01');
INSERT INTO orders VALUES (81,'ORD-000081',17850,7,6,4.25,'2010-12-01');
INSERT INTO orders VALUES (82,'ORD-000082',15291,57,48,3.45,'2010-12-01');
INSERT INTO orders VALUES (83,'ORD-000083',15291,58,64,2.55,'2010-12-01');
INSERT INTO orders VALUES (84,'ORD-000084',17850,9,6,1.85,'2010-12-01');
INSERT INTO orders VALUES (85,'ORD-000085',17850,8,6,1.85,'2010-12-01');
INSERT INTO orders VALUES (86,'ORD-000086',14688,59,10,1.95,'2010-12-01');
INSERT INTO orders VALUES (87,'ORD-000087',14688,60,10,1.95,'2010-12-01');
INSERT INTO orders VALUES (88,'ORD-000088',14688,61,10,2.95,'2010-12-01');
INSERT INTO orders VALUES (89,'ORD-000089',14688,62,10,0.85,'2010-12-01');
INSERT INTO orders VALUES (90,'ORD-000090',14688,63,12,3.75,'2010-12-01');
INSERT INTO orders VALUES (91,'ORD-000091',14688,64,6,3.75,'2010-12-01');
INSERT INTO orders VALUES (92,'ORD-000092',14688,65,12,0.85,'2010-12-01');
INSERT INTO orders VALUES (93,'ORD-000093',14688,66,10,1.65,'2010-12-01');
INSERT INTO orders VALUES (94,'ORD-000094',14688,67,6,2.55,'2010-12-01');
INSERT INTO orders VALUES (95,'ORD-000095',14688,68,6,2.55,'2010-12-01');
INSERT INTO orders VALUES (96,'ORD-000096',14688,69,120,0.42,'2010-12-01');
INSERT INTO orders VALUES (97,'ORD-000097',14688,70,24,0.55,'2010-12-01');
INSERT INTO orders VALUES (98,'ORD-000098',14688,71,24,0.55,'2010-12-01');
INSERT INTO orders VALUES (99,'ORD-000099',14688,72,24,0.55,'2010-12-01');
INSERT INTO orders VALUES (100,'ORD-000100',14688,73,6,2.95,'2010-12-01');
INSERT INTO orders VALUES (263,'ORD-000007',12583,6,1,6.50,'2011-03-31');
INSERT INTO orders VALUES (101,'ORD-000101',14688,74,48,1.25,'2010-12-01');
INSERT INTO orders VALUES (102,'ORD-000102',14688,75,96,0.38,'2010-12-01');
INSERT INTO orders VALUES (103,'ORD-000103',14688,76,10,1.95,'2010-12-01');
INSERT INTO orders VALUES (104,'ORD-000104',14688,77,10,1.95,'2010-12-01');
INSERT INTO orders VALUES (105,'ORD-000105',17809,78,24,1.45,'2010-12-01');
INSERT INTO orders VALUES (106,'ORD-000106',15311,79,23,4.25,'2010-12-01');
INSERT INTO orders VALUES (107,'ORD-000107',15311,80,5,4.95,'2010-12-01');
INSERT INTO orders VALUES (108,'ORD-000108',15311,81,10,1.95,'2010-12-01');
INSERT INTO orders VALUES (109,'ORD-000109',15311,82,2,2.1,'2010-12-01');
INSERT INTO orders VALUES (110,'ORD-000110',15311,83,6,1.25,'2010-12-01');
INSERT INTO orders VALUES (111,'ORD-000111',15311,84,24,1.25,'2010-12-01');
INSERT INTO orders VALUES (112,'ORD-000112',15311,85,24,1.25,'2010-12-01');
INSERT INTO orders VALUES (113,'ORD-000113',15311,86,1,1.25,'2010-12-01');
INSERT INTO orders VALUES (114,'ORD-000114',15311,87,1,0.85,'2010-12-01');
INSERT INTO orders VALUES (115,'ORD-000115',15311,88,1,2.55,'2010-12-01');
INSERT INTO orders VALUES (116,'ORD-000116',15311,89,10,1.65,'2010-12-01');
INSERT INTO orders VALUES (117,'ORD-000117',15311,90,3,1.69,'2010-12-01');
INSERT INTO orders VALUES (118,'ORD-000118',15311,91,1,1.95,'2010-12-01');
INSERT INTO orders VALUES (119,'ORD-000119',15311,92,2,2.1,'2010-12-01');
INSERT INTO orders VALUES (120,'ORD-000120',15311,93,1,2.95,'2010-12-01');
INSERT INTO orders VALUES (596,'ORD-000204',99999,1,1,9.99,'2011-03-30');
INSERT INTO orders VALUES (121,'ORD-000121',15311,94,1,2.95,'2010-12-01');
INSERT INTO orders VALUES (122,'ORD-000122',15311,46,4,2.95,'2010-12-01');
INSERT INTO orders VALUES (123,'ORD-000123',15311,95,1,2.95,'2010-12-01');
INSERT INTO orders VALUES (124,'ORD-000124',15311,96,6,0.85,'2010-12-01');
INSERT INTO orders VALUES (125,'ORD-000125',15311,86,3,1.25,'2010-12-01');
INSERT INTO orders VALUES (126,'ORD-000126',15311,97,2,2.55,'2010-12-01');
INSERT INTO orders VALUES (127,'ORD-000127',15311,98,1,0.85,'2010-12-01');
INSERT INTO orders VALUES (128,'ORD-000128',15311,99,1,0.85,'2010-12-01');
INSERT INTO orders VALUES (129,'ORD-000129',15311,100,1,1.45,'2010-12-01');
INSERT INTO orders VALUES (130,'ORD-000130',15311,101,1,4.95,'2010-12-01');
INSERT INTO orders VALUES (131,'ORD-000131',15311,102,2,2.95,'2010-12-01');
INSERT INTO orders VALUES (132,'ORD-000132',15311,103,2,5.95,'2010-12-01');
INSERT INTO orders VALUES (133,'ORD-000133',15311,104,2,5.95,'2010-12-01');
INSERT INTO orders VALUES (134,'ORD-000134',15311,105,4,1.45,'2010-12-01');
INSERT INTO orders VALUES (135,'ORD-000135',15311,106,1,2.95,'2010-12-01');
INSERT INTO orders VALUES (136,'ORD-000136',15311,107,1,1.95,'2010-12-01');
INSERT INTO orders VALUES (137,'ORD-000137',15311,40,2,1.65,'2010-12-01');
INSERT INTO orders VALUES (138,'ORD-000138',15311,108,3,3.95,'2010-12-01');
INSERT INTO orders VALUES (139,'ORD-000139',15311,109,36,1.06,'2010-12-01');
INSERT INTO orders VALUES (140,'ORD-000140',15311,110,10,6.75,'2010-12-01');
INSERT INTO orders VALUES (278,'ORD-000203',12431,3,1,-1.0,'2011-03-31');
INSERT INTO orders VALUES (238,'ORD-000141',16098,32,12,0.85,'2010-12-01');
INSERT INTO orders VALUES (365,'ORD-000142',16098,111,8,3.75,'2010-12-01');
INSERT INTO orders VALUES (447,'ORD-000143',16098,112,12,1.65,'2010-12-01');
INSERT INTO orders VALUES (512,'ORD-000144',16098,81,10,1.95,'2010-12-01');
INSERT INTO orders VALUES (631,'ORD-000145',16098,113,10,2.1,'2010-12-01');
INSERT INTO orders VALUES (704,'ORD-000146',16098,114,50,1.85,'2010-12-01');
INSERT INTO orders VALUES (286,'ORD-000147',16098,115,8,2.95,'2010-12-01');
INSERT INTO orders VALUES (459,'ORD-000148',16098,29,4,3.75,'2010-12-01');
INSERT INTO orders VALUES (149,'ORD-000149',16098,116,12,5.95,'2010-12-01');
INSERT INTO orders VALUES (150,'ORD-000150',16098,117,2,14.95,'2010-12-01');
INSERT INTO orders VALUES (151,'ORD-000151',16098,118,2,14.95,'2010-12-01');
INSERT INTO orders VALUES (152,'ORD-000152',16098,119,4,16.95,'2010-12-01');
INSERT INTO orders VALUES (153,'ORD-000153',18074,120,3,6.45,'2010-12-01');
INSERT INTO orders VALUES (154,'ORD-000154',18074,121,48,0.65,'2010-12-01');
INSERT INTO orders VALUES (155,'ORD-000155',18074,122,12,1.65,'2010-12-01');
INSERT INTO orders VALUES (156,'ORD-000156',18074,123,6,2.95,'2010-12-01');
INSERT INTO orders VALUES (157,'ORD-000157',18074,124,12,2.95,'2010-12-01');
INSERT INTO orders VALUES (158,'ORD-000158',18074,125,40,1.45,'2010-12-01');
INSERT INTO orders VALUES (159,'ORD-000159',18074,126,40,2.55,'2010-12-01');
INSERT INTO orders VALUES (160,'ORD-000160',18074,127,6,2.95,'2010-12-01');
INSERT INTO orders VALUES (161,'ORD-000161',18074,128,2,12.75,'2010-12-01');
INSERT INTO orders VALUES (162,'ORD-000162',18074,129,4,3.95,'2010-12-01');
INSERT INTO orders VALUES (163,'ORD-000163',18074,130,3,5.95,'2010-12-01');
INSERT INTO orders VALUES (164,'ORD-000164',18074,131,6,6.95,'2010-12-01');
INSERT INTO orders VALUES (165,'ORD-000165',18074,132,8,10.95,'2010-12-01');
INSERT INTO orders VALUES (166,'ORD-000166',17420,119,1,19.95,'2010-12-01');
INSERT INTO orders VALUES (167,'ORD-000167',17420,78,12,1.45,'2010-12-01');
INSERT INTO orders VALUES (168,'ORD-000168',17420,10,6,4.25,'2010-12-01');
INSERT INTO orders VALUES (169,'ORD-000169',17420,133,10,1.95,'2010-12-01');
INSERT INTO orders VALUES (170,'ORD-000170',17420,134,12,1.25,'2010-12-01');
INSERT INTO orders VALUES (411,'ORD-000205',12431,99999,1,9.99,'2011-03-30');
INSERT INTO orders VALUES (171,'ORD-000171',17420,135,2,8.5,'2010-12-01');
INSERT INTO orders VALUES (172,'ORD-000172',17420,136,10,1.65,'2010-12-01');
INSERT INTO orders VALUES (173,'ORD-000173',16029,137,36,4.95,'2010-12-01');
INSERT INTO orders VALUES (174,'ORD-000174',16029,60,100,1.65,'2010-12-01');
INSERT INTO orders VALUES (175,'ORD-000175',16029,138,100,1.65,'2010-12-01');
INSERT INTO orders VALUES (176,'ORD-000176',16029,139,192,3.82,'2010-12-01');
INSERT INTO orders VALUES (177,'ORD-000177',16029,140,192,3.37,'2010-12-01');
INSERT INTO orders VALUES (178,'ORD-000178',16029,141,192,3.37,'2010-12-01');
INSERT INTO orders VALUES (179,'ORD-000179',16029,142,432,1.45,'2010-12-01');
INSERT INTO orders VALUES (180,'ORD-000180',16029,40,432,1.25,'2010-12-01');
INSERT INTO orders VALUES (181,'ORD-000181',16250,22,3,5.95,'2010-12-01');
INSERT INTO orders VALUES (182,'ORD-000182',16250,23,3,5.95,'2010-12-01');
INSERT INTO orders VALUES (183,'ORD-000183',16250,110,2,7.95,'2010-12-01');
INSERT INTO orders VALUES (184,'ORD-000184',16250,143,3,4.95,'2010-12-01');
INSERT INTO orders VALUES (185,'ORD-000185',16250,144,3,4.25,'2010-12-01');
INSERT INTO orders VALUES (186,'ORD-000186',16250,145,6,2.95,'2010-12-01');
INSERT INTO orders VALUES (187,'ORD-000187',16250,122,12,1.65,'2010-12-01');
INSERT INTO orders VALUES (188,'ORD-000188',16250,146,12,0.42,'2010-12-01');
INSERT INTO orders VALUES (189,'ORD-000189',16250,147,12,0.85,'2010-12-01');
INSERT INTO orders VALUES (190,'ORD-000190',16250,148,12,1.45,'2010-12-01');
INSERT INTO orders VALUES (191,'ORD-000191',16250,149,12,0.85,'2010-12-01');
INSERT INTO orders VALUES (192,'ORD-000192',16250,150,4,6.75,'2010-12-01');
INSERT INTO orders VALUES (193,'ORD-000193',16250,125,12,1.65,'2010-12-01');
INSERT INTO orders VALUES (194,'ORD-000194',16250,151,12,1.65,'2010-12-01');
INSERT INTO orders VALUES (195,'ORD-000195',12431,152,6,8.5,'2010-12-01');
INSERT INTO orders VALUES (529,'ORD-000201',12431,1,1,-9.99,'2011-03-29');
INSERT INTO orders VALUES (196,'ORD-000196',12431,153,8,4.95,'2010-12-01');
INSERT INTO orders VALUES (197,'ORD-000197',12431,33,12,1.25,'2010-12-01');
INSERT INTO orders VALUES (198,'ORD-000198',12431,154,6,5.45,'2010-12-01');
INSERT INTO orders VALUES (199,'ORD-000199',12431,155,4,6.35,'2010-12-01');
INSERT INTO orders VALUES (200,'ORD-000200',12431,156,6,5.95,'2010-12-01');

-- Late-December operations records (mixed sources: test runs, promotional samples, customer returns).
INSERT INTO orders VALUES (901,'TEST-0001',12431,1,1,5.00,'2010-12-15');
INSERT INTO orders VALUES (902,'QA-LOAD-12',13047,5,99,4.95,'2010-12-22');
INSERT INTO orders VALUES (903,'SAMP-2010-A',15311,8,2,0.00,'2010-12-08');
INSERT INTO orders VALUES (904,'SAMP-2010-B',16029,17,3,0.00,'2010-12-19');
INSERT INTO orders VALUES (905,'CRD-12431-01',12431,33,-2,1.25,'2010-12-27');
INSERT INTO orders VALUES (906,'RTRN-16250-A',16250,150,-1,6.75,'2010-12-29');
